pt-BR:
  date:
    day_names:
      sunday: Domingo
      monday: Segunda-feira
      tuesday: Terça-feira
      wednesday: Quarta-feira
      thursday: Quinta-feira
      friday: Sexta-feira
      saturday: Sábado
    abbr_day_names:
      - Dom
      - Seg
      - Ter
      - Qua
      - Qui
      - Sex
      - Sáb
    month_names:
      - ~
      - janeiro
      - fevereiro
      - março
      - abril
      - maio
      - junho
      - julho
      - agosto
      - setembro
      - outubro
      - novembro
      - dezembro
    abbr_month_names:
      - ~
      - jan
      - fev
      - mar
      - abr
      - mai
      - jun
      - jul
      - ago
      - set
      - out
      - nov
      - dez
    formats:
      long: "%d de %B de %Y"
      short: "%d/%m/%Y"
      default: "%d/%m/%Y"
  
  time:
    formats:
      default: "%d/%m/%Y %H:%M"
      short: "%d/%m/%Y"
      long: "%d de %B de %Y às %H:%M"
